,0,1,2,3,4,5,6,name,id
0,8 pm,8 pm,8 pm,7 pm,8 pm,8 pm,6 pm,The Abbey,ChIJG6sjurF544kRj4w6BLcfrKU
1,8 pm,12 pm,12 pm,12 pm,6 pm,9 pm,8 pm,Dragon Star Chinese Restaurant,ChIJ9yb9W7B544kRp5Qut7uEPJ8
2,7 pm,7 pm,8 pm,8 pm,9 pm,7 pm,7 pm,The Publick House,ChIJ2QgzqbF544kR-HZHOjrGTjk
3,Closed,3 pm,7 pm,7 pm,8 pm,7 pm,2 pm,Rhythm 'n Wraps,ChIJxbJWjclw44kRKviEMx4pUWg
4,9 am,9 am,11 am,9 am,9 am,11 am,10 am,Dunkin' Donuts,ChIJo7uxpI1544kRnYkZ01eUhRY
5,10 pm,8 pm,11 pm,12 am,11 pm,12 am,12 am,T Anthony's Pizzeria,ChIJvYOGhMJ544kRmYB1EiJcZhQ
6,8 pm,7 pm,8 pm,7 pm,6 pm,7 pm,7 pm,Blaze Pizza,ChIJARHXaeh544kRKVg2N64DdMY
7,12 pm,8 pm,7 pm,6 pm,7 pm,6 pm,1 pm,Raising Cane's Chicken Fingers,ChIJgd56Xeh544kRBxi8R-V-CKs
8,9 pm,11 pm,9 pm,8 pm,6 pm,10 pm,12 am,T's Pub Boston,ChIJNzYxP-h544kRImUqbH8EMlY
9,7 pm,6 pm,1 pm,7 pm,1 pm,1 pm,12 pm,The Fresh Food Company at Marciano Commons,ChIJu68FA_h544kRFZ4pbYQVLcI
10,1 pm,1 pm,12 pm,9 pm,1 pm,2 pm,1 pm,Nud Pob Thai Cuisine,ChIJsfiT7fB544kR3kuSuwNAPdU
11,12 pm,11 am,1 pm,11 am,Closed,Closed,Closed,Einstein Bros. Bagels,ChIJw0_I4O9544kRVEkl9mgAiDA
12,8 pm,7 pm,8 pm,11 pm,11 pm,11 pm,12 am,Lansdowne Pub,ChIJBf7GDx1644kRSGuvDfSwJtE
13,1 pm,12 pm,1 pm,1 pm,1 pm,1 pm,3 pm,Clover (LMA),ChIJZ4d2mY1544kRMVkt11DkMJg
14,8 pm,8 pm,8 pm,7 pm,10 pm,11 pm,12 am,Lucky Strike Social Boston,ChIJX9gQ4hx644kRT6GRnKaqK6Y
15,10 pm,4 pm,Closed,10 pm,10 pm,10 pm,8 pm,Cafe 472,ChIJBSxo0hx644kRynOPvpeqGhA
16,9 pm,6 pm,8 pm,1 pm,9 pm,9 pm,7 pm,Beijing Cafe,ChIJWbV1rPB544kRMcks9YJ2N5k
17,7 pm,7 pm,7 pm,8 pm,10 pm,11 pm,12 am,Cheeky Monkey Brewing Co.,ChIJ6bV0Gx1644kRjbtygVcbOq4
18,7 pm,7 pm,9 pm,9 pm,6 pm,7 pm,7 pm,India Quality Restaurant,ChIJv6Oz1xx644kRd-S5aU2l0nk
19,8 pm,7 pm,7 pm,7 pm,8 pm,6 pm,7 pm,Island Creek Oyster Bar,ChIJ5U1zLh1644kRy7N2iL6TN-4
20,8 pm,7 pm,7 pm,7 pm,8 pm,6 pm,7 pm,Island Creek Oyster Bar,ChIJd6rZMR1644kRlrG2yF80Wlg
21,Closed,7 pm,7 pm,Closed,7 pm,7 pm,7 pm,Wing-It,ChIJHZHVDcR544kRgUW5dmqGfBg
22,7 pm,7 pm,6 pm,7 pm,7 pm,4 pm,7 pm,OliToki,ChIJLSZFX8R544kRseGXGaSx-Wc
23,7 pm,9 pm,7 pm,9 pm,11 pm,11 pm,12 am,Loretta's Last Call,ChIJuysRHR1644kRRkXMVhlbbu4
24,1 pm,12 pm,12 pm,1 pm,12 pm,1 pm,1 pm,Pret A Manger,ChIJHWaQo41544kRMgmuKd0U6nE
25,7 pm,8 pm,7 pm,7 pm,8 pm,7 pm,7 pm,Shabu-Zen,ChIJD_CDWMR544kRxgerRuvqU74
26,12 pm,1 pm,1 pm,12 pm,1 pm,1 pm,1 pm,Panda Express,ChIJAAAAAAAAAAAR_tDcTeRFMlQ
27,7 pm,7 pm,7 pm,6 pm,7 pm,7 pm,6 pm,Dolphin Bay,ChIJVyFlX8R544kR6O_e8xttytQ
28,9 am,8 am,9 am,9 am,8 am,10 am,10 am,Pavement Coffeehouse,ChIJ3ZkcDMZ544kRRxpBByRvkhU
29,8 pm,8 pm,9 pm,10 pm,10 pm,9 pm,12 am,Habibi's Lounge,ChIJG99e18V544kR6OP7RESk3a0
30,7 pm,7 pm,7 pm,7 pm,7 pm,7 pm,6 pm,Korean Garden,ChIJnZnSkMV544kRHx_QghKjMaE
31,7 pm,8 pm,7 pm,7 pm,7 pm,7 pm,7 pm,Hanmaru,ChIJbxABwsV544kRH_IIf57JPEc
32,10 am,11 am,10 am,10 am,11 am,11 am,11 am,@Union,ChIJ7VdowsV544kRi5rt_pZ6LDU
33,11 pm,11 pm,11 pm,10 pm,12 am,1 am,12 am,McDonald's,ChIJYagz_h1644kR7pdjtf-Icos
34,11 pm,8 pm,9 pm,11 pm,11 pm,12 am,1 am,Dumpling Kingdom,ChIJK5DAk8V544kRX3w3TgVypQg
35,1 pm,11 am,1 pm,12 pm,1 pm,11 am,11 am,Au Bon Pain,ChIJ5T8NOox544kROoR8NPry2pE
36,8 pm,7 pm,6 pm,7 pm,8 pm,7 pm,1 pm,Seoul Topokki,ChIJ-5HjwcV544kR-WcWRn9U8u4
37,Closed,8 pm,8 pm,8 pm,8 pm,8 pm,7 pm,Oppa Sushi,ChIJdci13cV544kRorom9FoI6sw
38,9 pm,11 pm,11 pm,10 pm,9 pm,11 pm,12 am,The Avenue Allston,ChIJgw3WEcZ544kRl1OnDzjRFns
39,1 pm,8 pm,7 pm,8 pm,8 pm,7 pm,2 pm,Garlic 'n Lemons,ChIJc4qJkcV544kRG_Bxfc9IMpM
40,Closed,8 pm,8 pm,7 pm,7 pm,9 pm,10 pm,K-Town Chicken,ChIJu8eolsV544kR4VETYjxehKc
41,7 pm,7 pm,8 pm,8 pm,8 pm,10 pm,8 pm,Five Guys,ChIJ57D33cV544kRQNq-ze1fQ84
42,10 am,9 am,9 am,8 am,9 am,11 am,11 am,Steve's Kitchen,ChIJbXrxmcV544kRiuAqzLdXBa4
43,7 pm,7 pm,7 pm,7 pm,7 pm,7 pm,7 pm,Seoul Soulongtang,ChIJ-_IbDMZ544kRBQPqgnIeiTA
44,8 pm,1 pm,6 pm,7 pm,8 pm,1 pm,1 pm,Chipotle Mexican Grill,ChIJRz7MPe9544kRBQRJh08oVgU
45,7 pm,6 pm,7 pm,8 pm,7 pm,7 pm,3 pm,OTTO,ChIJMeBJwr9544kR64QG0Z9KdAI
46,1 pm,1 pm,12 pm,12 pm,7 pm,7 pm,7 pm,Bertucci's Italian Restaurant,ChIJu-ejZox544kRlpOsu-Zq3Qw
47,1 pm,12 pm,12 pm,1 pm,1 pm,Closed,Closed,Boston House of Pizza,ChIJMbA2Iu9544kRgq-F133vEPk
48,8 pm,7 pm,7 pm,7 pm,7 pm,9 pm,12 am,Sunset Cantina,ChIJ-Qb26Oh544kRmJqL94sN3pE
49,8 pm,9 pm,2 am,8 pm,9 pm,9 pm,8 pm,Domino's Pizza,ChIJIWUVrc9544kRTg4xxZ3Cocs
50,7 pm,8 pm,7 pm,7 pm,8 pm,7 pm,7 pm,BBQ Chicken,ChIJv6u83MV544kRMOa1oIcpq5s
51,8 pm,9 pm,8 pm,8 pm,10 pm,9 pm,12 pm,Deep Ellum,ChIJ0zp5WM5544kRRsv8dCor_ZM
52,7 pm,9 pm,8 pm,8 pm,9 pm,8 pm,8 pm,[FoMu],ChIJAdpk9s5544kRDz_Nl9dzHqw
53,6 pm,7 pm,8 pm,8 pm,7 pm,4 pm,2 pm,Taqueria El Carrizal,ChIJV4Bh8M5544kRQL5KXyNbjLI
54,1 pm,12 pm,1 pm,12 pm,1 pm,Closed,Closed,Alfredo's,ChIJ4-1SAM9544kR63ZifskKGzU
55,7 pm,7 pm,8 pm,8 pm,6 pm,7 pm,12 am,Lone Star Taco Bar,ChIJW3Q37tB544kRnWW6c7SgTnU
56,5 pm,7 pm,6 pm,7 pm,7 pm,1 pm,1 pm,Roxy's Grilled Cheese & Burgers,ChIJnxXv9c5544kRRJ9uhQ_bJaI
57,Closed,7 pm,6 pm,7 pm,6 pm,7 pm,7 pm,Shawarma King,ChIJZTST9b5544kRZCcTVeOudvA
58,12 am,11 pm,11 pm,12 am,11 pm,11 pm,9 pm,Azama Grill,ChIJ782mXcV544kRiTSSsa9hXsA
59,12 am,6 pm,10 pm,9 pm,7 pm,7 pm,10 pm,A@time,ChIJFcDr6c9544kR1_29suQ66qk
60,10 pm,9 pm,9 pm,10 pm,10 pm,9 pm,12 am,Myung Dong 1st Ave,ChIJ07vVcMV544kRHQ8vP-zS5_M
61,11 am,11 am,11 am,11 am,11 am,10 am,11 am,Allston Diner,ChIJY-mm6c9544kRvan3ap8mJoA
62,9 pm,9 pm,9 pm,10 pm,11 pm,1 am,12 am,The Draft Bar and Grille,ChIJJ7d7WsV544kRsc_8niKgO2o
63,7 am,7 am,7 am,7 am,7 am,7 am,8 am,Dunkin' Donuts,ChIJHdtlgs9544kRN7wrClasQTk
64,12 pm,Closed,7 pm,1 pm,4 pm,6 pm,3 pm,Asia Wok,ChIJNwpaW8V544kRN93-LpsQ6pg
65,7 pm,7 pm,7 pm,7 pm,7 pm,7 pm,2 pm,Buk Kyung Allston,ChIJUd1JdMV544kRpfy4g8_6FTw
66,Closed,6 pm,1 pm,7 pm,8 pm,8 pm,7 pm,S & I To Go,ChIJMViHgMV544kR-PIbvzfukos
67,8 pm,8 pm,9 pm,8 pm,11 pm,12 am,12 am,Common Ground,ChIJ9-rJe8V544kR7-9zic5JW-Q
68,11 am,1 pm,12 pm,1 pm,1 pm,1 pm,1 pm,Temptations Cafe,ChIJY1FZyr9544kR2XaPKt4mPUk
69,8 pm,7 pm,8 pm,8 pm,8 pm,1 pm,12 pm,Lulu's Allston,ChIJc0fe6M9544kRCEADcWwP7jE
70,8 pm,7 pm,7 pm,8 pm,8 pm,8 pm,7 pm,Totto Ramen,ChIJ7ar_f89544kRFSwk86FJZ3w
71,12 pm,12 pm,12 pm,12 pm,1 pm,7 pm,Closed,Dimitrios Cuisine,ChIJl0HgwPx544kRx1jeEB8j6ok
72,11 pm,9 pm,10 pm,10 pm,7 pm,9 pm,10 pm,Thai Place,ChIJvZJed89544kRC7FF-UIYxxc
73,12 pm,12 pm,12 pm,12 pm,12 pm,Closed,7 pm,The Howard Dining Hall in Maseeh Hall,ChIJFRFXkAB644kRz9kj9Aw-KsA
74,7 pm,9 pm,10 pm,7 pm,8 pm,8 pm,7 pm,Habanero Mexican Grill,ChIJRe_4gMV544kR-i-iyvi7X6s
75,12 pm,12 pm,12 pm,12 pm,12 pm,1 pm,2 pm,Cambridge Pizzeria,ChIJTVIPw_x544kRRNwinn04wY8
76,6 pm,7 pm,7 pm,7 pm,8 pm,7 pm,6 pm,Coreanos Allston,ChIJTVBrfs9544kRK7r8mcqLxOE
77,8 am,9 am,9 am,8 am,10 am,9 am,10 am,Dunkin' Donuts,ChIJ3UyLjOF544kR91VEN0FAI9Q
78,8 pm,6 pm,9 pm,8 pm,7 pm,8 pm,1 pm,Surya Indian Kitchen N Catering,ChIJQ6jpx-J544kRf6M3iNplVt4
79,12 pm,7 pm,1 pm,8 pm,7 pm,7 pm,1 pm,Anna's Taqueria,ChIJ6zbG6r5544kRJPL_2F5BaIw
80,7 pm,8 pm,6 pm,7 pm,7 pm,7 pm,7 pm,Bisuteki Tokyo,ChIJmZOE3-N544kRsJffZALnI74
81,1 pm,1 pm,7 pm,1 pm,6 pm,5 pm,1 pm,Subway,ChIJMdDnhapw44kRJ80fW5FZcYo
82,12 pm,12 pm,1 pm,12 pm,12 pm,3 pm,2 pm,Subway,ChIJOdPohdd544kRETVZYi699GA
83,Closed,4 pm,12 pm,Closed,12 pm,Closed,12 pm,Cambridge Grill,ChIJob6ZhKpw44kROfI5cA5B6y4
84,10 am,12 pm,8 am,12 pm,9 am,10 am,11 am,swissbäkers,ChIJEzHdv9h544kRDyylo0FHbeI
85,Closed,7 pm,6 pm,7 pm,7 pm,6 pm,Closed,Rabottini's Pizza,ChIJd8ddIB5544kRcjgtx0UJhoI
86,11 am,12 pm,10 am,10 am,10 am,10 am,12 pm,The Breakfast Club,ChIJLZH0hNd544kRWYR6zu5Hdys
87,12 pm,12 pm,12 pm,7 pm,7 pm,Closed,Closed,Cambridge Deli & Grill,ChIJ7xgtFVd344kRDOpU-8CG4x0
88,7 pm,Closed,1 pm,Closed,7 pm,7 pm,6 pm,Chick Chick Boom,ChIJc2pQFFd344kRpmtdWvQog30
89,1 pm,5 pm,11 am,12 pm,2 pm,1 pm,12 pm,McDonald's,ChIJvbO57dZ544kRr8pA2pSTC80
90,1 pm,Closed,1 pm,1 pm,1 pm,1 pm,1 pm,Café G,ChIJawbNlop544kRDMWKyyqAOYM
91,11 pm,12 am,12 pm,12 pm,1 am,1 am,2 am,Beantown Taqueria,ChIJ40i31FR344kRhDUXhw1zopQ
92,6 pm,2 am,1 am,11 pm,11 pm,12 am,1 am,Chicago Pizza,ChIJrcxZLKtw44kRfh9E4t5Rcj4
93,1 pm,12 pm,12 pm,12 pm,1 pm,1 pm,12 pm,Whole Heart Provisions,ChIJx7ho3FR344kRNPLsNHZJzbg
94,7 pm,7 pm,7 pm,7 pm,8 pm,8 pm,7 pm,Pagu,ChIJ0wimw1R344kRwuAuoQqLhKM
95,12 pm,12 pm,12 pm,12 pm,12 pm,1 pm,1 pm,Saloniki Greek,ChIJqc6k3qpw44kRWSDlZsjORYU
96,8 pm,7 pm,7 pm,8 pm,6 pm,8 pm,7 pm,Naco Taco,ChIJI70BxlR344kR7eVSuu82vlc
97,Closed,Closed,6 pm,6 pm,6 pm,6 pm,Closed,The Coast Cafe,ChIJDVt1W1h344kRWOccVOTGE0s
98,7 pm,7 pm,1 pm,1 pm,7 pm,6 pm,6 pm,Oath Pizza - Central Square,ChIJkUJM3j1344kRlpzEP1l6v1Y
99,7 pm,7 pm,7 pm,1 pm,12 pm,7 pm,6 pm,Roxy's Grilled Cheese & Burgers,ChIJQ65n21R344kRgP6uV5y6MtE
100,12 am,6 pm,7 pm,7 pm,8 pm,8 pm,12 pm,Casa Caña,ChIJMS6aixh544kRout52RPHQGw
101,8 pm,7 pm,6 pm,7 pm,7 pm,8 pm,6 pm,Bab Korean Bistro,ChIJ--leUb5544kR2BaCyG-q--U
102,1 pm,6 pm,12 pm,7 pm,7 pm,6 pm,2 pm,Bertucci's Italian Restaurant,ChIJ4Q-8rFR344kRRcO7Kp5eN-c
103,Closed,8 pm,7 pm,7 pm,8 pm,8 pm,7 pm,Craigie On Main,ChIJAQfAolR344kR1yuDBmJxyLc
104,8 pm,8 pm,6 pm,8 pm,9 pm,8 pm,7 pm,Cuchi Cuchi,ChIJg29TUqtw44kR3mCW-Gw6chc
105,12 pm,7 pm,12 pm,7 pm,12 pm,7 pm,7 pm,Royal East Restaurant,ChIJsSgYUqtw44kRhjJ4w-iRuO4
106,7 pm,7 pm,7 pm,7 pm,8 pm,4 pm,2 pm,Andala Coffee House,ChIJpchn0VZ344kRT1OYQ_MliDA
107,Closed,12 pm,12 pm,1 pm,8 pm,7 pm,Closed,Primo Cambridge,ChIJcb2wU6tw44kRYxkY7vYYTDE
108,12 pm,12 pm,12 pm,1 pm,12 pm,8 pm,12 pm,Desi Dhaba,ChIJ3bIQhlR344kR-fFti_8jCDg
109,8 pm,7 pm,7 pm,8 pm,7 pm,7 pm,Closed,Amelia's Trattoria,ChIJnXxGNqxw44kRn6qTfBPunXA
110,12 pm,12 pm,12 pm,12 pm,12 pm,Closed,Closed,Mexicali Burrito Co,ChIJPz48Dqxw44kR6HTI6VP3lbk
111,7 pm,6 pm,6 pm,7 pm,7 pm,1 pm,12 pm,Area Four,ChIJKaXoBqxw44kRjXSBtvbq1j0
112,12 pm,1 pm,1 pm,12 pm,1 pm,1 pm,1 pm,Brookline Spa Inc,ChIJVTM7wpd544kRJIZ59t8idk8
113,6 pm,6 pm,6 pm,4 pm,Closed,Closed,7 pm,Vittorio's Grill,ChIJP9ZR7r5544kRweuOTbnf_fY
114,12 pm,12 pm,12 pm,12 pm,12 pm,Closed,Closed,Al's Tech Square Cafe,ChIJZ4yKdKxw44kR4HWIBbmBLB4
115,7 pm,7 pm,7 pm,7 pm,7 pm,8 pm,1 pm,Sulmona,ChIJcShjiKtw44kRq7Fw5b3Ic00
116,11 am,12 pm,1 pm,12 pm,12 pm,10 am,10 am,Cafe Luna,ChIJI68OY1R344kRq9zKM6nn9bc
117,8 pm,7 pm,1 pm,12 pm,8 pm,7 pm,Closed,Rangzen Tibetan Place,ChIJVxZ8HVR344kRTTbait6B334
118,9 pm,10 pm,9 pm,9 pm,11 pm,10 pm,12 am,The Middle East Restaurant and Nightclub,ChIJTxLlbVR344kRmTrohl7Eo94
119,6 pm,7 pm,7 pm,12 pm,8 pm,7 pm,7 pm,Dosa Factory,ChIJu0w8-FN344kR67FsqG-6GGc
120,7 pm,7 pm,7 pm,7 pm,8 pm,8 pm,7 pm,The Mad Monkfish (formerly Thelonious Monkfish),ChIJ837FC1R344kRVlYqVsoSQew
121,7 pm,8 pm,8 pm,8 pm,8 pm,7 pm,12 am,Central Kitchen,ChIJH_Fo91N344kRckQ-l2n1-eI
122,7 pm,8 pm,11 pm,11 pm,11 pm,12 am,12 am,Zuzu,ChIJH9cEblR344kR4_5hOythj0k
123,1 pm,1 pm,1 pm,12 pm,12 pm,12 pm,2 pm,McDonald's,ChIJ57WoelR344kRKbrMAa7zfAU
124,7 pm,7 pm,5 pm,8 pm,7 pm,7 pm,6 pm,Rod Dee Thai Cuisine,ChIJ8RPTsL5544kRx_gDBv0usBA
125,11 pm,12 am,9 pm,11 pm,12 am,11 pm,12 am,The Phoenix Landing,ChIJwZlVC1R344kRFd80FfZkL_4
126,7 pm,7 pm,7 pm,8 pm,8 pm,1 pm,12 pm,Veggie Galaxy,ChIJJ5JOZVR344kRd62Nb9Yo06s
127,6 pm,6 pm,6 pm,7 pm,5 pm,1 pm,3 pm,Shalimar Foods & Spices,ChIJu0w8-FN344kR6f_nDCqzL-E
128,2 pm,12 pm,7 pm,6 pm,7 pm,1 pm,6 pm,Chipotle Mexican Grill,ChIJ3VhH_lN344kR0tMHgQfyZjQ
129,9 pm,7 pm,9 pm,8 pm,9 pm,11 pm,12 am,Brick and Mortar,ChIJB1ld91N344kR0s6509oBiak
130,11 am,Closed,11 am,12 pm,12 pm,11 am,12 pm,Brookline Lunch,ChIJiW64bFR344kRrmHIUt9jtgY
131,7 pm,7 pm,7 pm,7 pm,8 pm,2 pm,7 pm,Pepper Sky's,ChIJT16gA1R344kRorMxvex8oj8
132,6 pm,Closed,12 pm,7 pm,7 pm,7 pm,1 pm,Mary Chung,ChIJTQbbb1R344kRDV69bt872jM
133,7 pm,7 pm,7 pm,8 pm,8 pm,7 pm,12 pm,Viale,ChIJ2c38DFR344kRDh6Brkv0A5o
134,8 am,9 am,8 am,7 am,8 am,11 am,8 am,Dunkin' Donuts,ChIJGdnro61w44kRUqTLY-5kyGk
135,7 am,8 am,7 am,8 am,7 am,10 am,10 am,Bruegger's Bagels,ChIJm3MtgZV544kRPT6HmpgQBrY
136,7 pm,7 pm,8 pm,7 pm,8 pm,8 pm,7 pm,Asmara,ChIJkSq1F1F344kRqz4wC8PzNjY
137,12 pm,12 pm,12 pm,12 pm,7 pm,7 pm,6 pm,Mu Lan Taiwanese Restaurant (Cambridge),ChIJa4trp61w44kRwo7iolYvBR8
138,7 pm,6 pm,7 pm,7 pm,6 pm,7 pm,6 pm,Stoked Wood Fired Pizza Co.,ChIJy7I1_LB544kRKrvAkiVvbI4
139,12 am,7 pm,8 pm,7 pm,8 pm,11 pm,12 am,The Automatic,ChIJLypala1w44kRsacCAJXsagg
140,8 am,9 am,8 am,8 am,8 am,9 am,11 am,Bruegger's Bagels,ChIJJYwRno1544kRxPLWpzvuK-k
141,7 pm,7 pm,8 pm,8 pm,8 pm,7 pm,12 pm,Washington Square Tavern,ChIJz6UP8LB544kRLKblfjPe7_c
142,7 pm,7 pm,7 pm,8 pm,7 pm,7 pm,6 pm,Xiang Yu China Bistro,ChIJq6omypR544kR8i1k51Gwnmo
143,7 pm,7 pm,7 pm,7 pm,7 pm,7 pm,1 pm,Life Alive Organic Cafe,ChIJLb3sGVF344kRl8CdANSNwDI
144,12 pm,12 pm,12 pm,1 pm,9 pm,2 pm,6 pm,El Pelón Taqueria,ChIJ1SGgo_V544kRmGe2qAAC1x0
145,8 pm,6 pm,7 pm,6 pm,12 pm,3 pm,7 pm,Fiouna's Restaurant,ChIJrWIQ9fV544kRtaCmIXwiOsY
146,7 pm,7 pm,7 pm,7 pm,8 pm,8 pm,7 pm,FuGaKyu Japanese Cuisine,ChIJ_VHPPpV544kRPNRucacPJls
147,1 pm,8 pm,8 pm,7 pm,5 pm,3 pm,4 pm,Gyro City,ChIJl10Q9fV544kRp20UGoWX84o
148,1 pm,12 pm,12 pm,12 pm,12 pm,12 pm,2 pm,Rod-Dee 2 Thai Cuisine,ChIJzz8a9fV544kR9O78J4GIcJ0
149,7 pm,7 pm,7 pm,7 pm,7 pm,7 pm,7 pm,Tiger Mama,ChIJvfqvyvV544kRlerKjUZv8xo
150,Closed,12 pm,1 pm,12 pm,7 pm,1 pm,6 pm,Kappo Sushi and Ramen,ChIJlbaUovV544kRKG3kpvn9MqQ
151,1 pm,1 pm,12 pm,7 pm,12 pm,7 pm,1 pm,Sichuan Gourmet,ChIJ44fiJ_J544kRXFN8_tXVQEo
152,8 pm,6 pm,8 pm,9 pm,7 pm,12 pm,11 am,Thornton's Fenway Grille,ChIJWUYppPV544kRT59pgeeNgBs
153,1 pm,7 pm,1 pm,Closed,6 pm,5 pm,7 pm,Maluken and Sushi Express,ChIJje9ZDvJ544kR3cLuEvu2MWY
154,12 pm,1 pm,12 pm,12 pm,1 pm,2 pm,1 pm,Bennett's Sandwich Shop,ChIJe32iovV544kRjPiR1pk1O6g
155,8 pm,7 pm,7 pm,7 pm,8 pm,8 pm,2 pm,Gyu-Kaku Japanese BBQ,ChIJ9bceiPF544kRzQuACrgS4pA
156,6 pm,7 pm,6 pm,7 pm,7 pm,6 pm,6 pm,by CHLOE. Fenway,ChIJ2eFC0_V544kRpGN4L_mvLJY
157,8 pm,8 pm,9 pm,6 pm,9 pm,8 pm,8 pm,University House of Pizza,ChIJj8-5wiF644kRYaFplOAY0_Y
158,5 pm,5 pm,8 pm,6 pm,6 pm,6 pm,6 pm,The Upper Crust Pizzeria,ChIJQdbOxr9544kRAbu35kWFoo0
159,8 pm,8 pm,8 pm,8 pm,7 pm,8 pm,12 am,O'Leary's,ChIJ72ErJ_J544kRuyKMWaAisCI
160,12 pm,11 am,12 pm,11 am,11 am,11 am,Closed,Busy Bee Restaurant & Diner,ChIJFQ4RDPJ544kR2Qht2WZ_qFo
161,12 pm,1 pm,12 pm,12 pm,1 pm,2 pm,1 pm,Bennets,ChIJe32iovV544kRW-_Srwm-AZM
162,7 pm,9 pm,8 pm,8 pm,7 pm,8 pm,6 pm,Coolidge Corner Clubhouse,ChIJozXIlb9544kRC1ut0VyWbgc
163,7 pm,7 pm,8 pm,7 pm,7 pm,7 pm,1 pm,OTTO,ChIJMeBJwr9544kRuMRkYuWIzmk
164,8 pm,7 pm,8 pm,7 pm,8 pm,8 pm,6 pm,Osaka Japanese Sushi & Steak House,ChIJNwUe5r9544kRgBYw_d3CBzM
165,7 pm,7 pm,7 pm,7 pm,7 pm,12 pm,11 am,Paris Creperie,ChIJ-Yoe9cZ544kRVYLTECugYd4
166,5 pm,5 pm,8 pm,6 pm,6 pm,6 pm,6 pm,Upper Crust,ChIJcSdxAH6C44kRpay1vdfwSAc
167,6 pm,7 pm,7 pm,7 pm,7 pm,3 pm,2 pm,Gen Sou En Teahouse,ChIJC7RL6r9544kRQQz2MM_0Xc0
168,8 pm,6 pm,7 pm,8 pm,7 pm,6 pm,6 pm,U Sushi,ChIJpbev9L5544kRriyH_FvHknM
169,6 pm,6 pm,7 pm,7 pm,6 pm,7 pm,1 pm,Oath Pizza - Coolidge Corner,ChIJCeJQxb9544kRPWJi0ER3XcI
170,7 pm,6 pm,7 pm,9 pm,8 pm,7 pm,12 am,Bar Louie,ChIJi39iffZ544kRBcvx2niTKas
171,7 pm,7 pm,8 pm,8 pm,7 pm,8 pm,7 pm,The Glenville Stops,ChIJ8whH7sh544kRM7Zj0fX_O3Y
172,9 pm,9 pm,9 pm,8 pm,10 pm,10 pm,12 am,Hopewell Bar & Kitchen,ChIJ7YVnn8h544kRfiv1BvK0xAA
173,7 pm,7 pm,8 pm,7 pm,8 pm,1 pm,1 pm,Ganko Ittetsu Ramen,ChIJWd-Ior9544kRFGsj8rUhkac
174,6 pm,6 pm,8 pm,7 pm,6 pm,6 pm,Closed,University Grill & Pizza,ChIJgTVA8vB544kRFbGEuIa0QSg
175,7 pm,Closed,6 pm,7 pm,7 pm,7 pm,1 pm,Shanghai Gate,ChIJy8yXesZ544kRD2zjE73VtOk
176,11 am,9 am,12 pm,11 am,10 am,11 am,10 am,Crispy Crepes Cafe,ChIJl1IyCfF544kRX2Sp1p-Hn9U
177,7 pm,7 pm,7 pm,8 pm,8 pm,7 pm,1 pm,Tasty Pot,ChIJiVq6y0h544kRWwZvUTW4f2Q
178,6 pm,7 pm,7 pm,6 pm,7 pm,7 pm,7 pm,Kaju Tofu House,ChIJA6MOzQJ644kRVnxF8Ocodfo
179,1 pm,1 pm,6 pm,1 pm,1 pm,1 pm,1 pm,New American Cafe,ChIJZWUafB9644kRYzvSX8V4FYg
180,1 pm,12 pm,12 pm,1 pm,12 pm,7 pm,Closed,Fin's,ChIJOdvhzQJ644kRwHYaBzpMxEY
181,12 pm,12 pm,1 pm,6 pm,7 pm,1 pm,7 pm,UBURGER,ChIJOdvhzQJ644kRHSgsq4hXd38
182,1 pm,Closed,1 pm,7 pm,7 pm,1 pm,2 pm,Thai Dish,ChIJBZjGpsJ544kRIlHaIevod8U
183,1 pm,1 pm,1 pm,1 pm,8 pm,8 pm,4 pm,Burger King,ChIJ-V22D89544kRkA0lVd9eicY
184,6 pm,7 pm,7 pm,7 pm,7 pm,7 pm,6 pm,Brown Sugar Cafe,ChIJR9tskMJ544kR1BggFbR4mxg
185,8 pm,8 pm,7 pm,9 pm,9 pm,11 pm,12 am,Cornwall's,ChIJefpNNR1644kRA4W72EdUO3g
186,12 pm,7 pm,1 pm,7 pm,8 pm,1 pm,5 pm,Xi'An Street Foods,ChIJrd3iec9544kRSanfa3u5PPw
187,12 pm,12 pm,12 pm,12 pm,Closed,Closed,Closed,"SABOR DO BRASIL, INC",ChIJmX9Bfs9544kRklWQr8K13L8
188,12 am,9 pm,9 pm,7 pm,12 am,1 am,11 pm,La Mamma Pizza,ChIJuRZJcc9544kRwePpYOJ0vdY
189,7 pm,8 pm,7 pm,8 pm,8 pm,7 pm,7 pm,Bonchon Chicken,ChIJE1yxCcV544kRT4VT4R6rHzM
190,8 pm,6 pm,8 pm,8 pm,8 pm,8 pm,1 pm,Hops N Scotch,ChIJaTRj2L9544kRX0ZETDB-93w
191,7 pm,7 pm,7 pm,7 pm,7 pm,7 pm,2 pm,Le's Vietnamese Cuisine,ChIJC4cfC8V544kRSezSw_XQmIQ
192,7 pm,7 pm,7 pm,6 pm,7 pm,7 pm,7 pm,Victoria Seafood Restaurant,ChIJEVUxmsJ544kRlLVioR0-B00
193,9 pm,10 pm,9 pm,11 pm,11 pm,12 am,12 am,White Horse Tavern,ChIJ2Uvfp8V544kR5MZX6pp4IiM
194,7 pm,8 pm,7 pm,7 pm,8 pm,8 pm,7 pm,Punjab Palace,ChIJ6ZKVBsV544kRUPURUMjsSoU
195,7 pm,8 pm,8 pm,7 pm,8 pm,7 pm,7 pm,Jo Jo Taipei,ChIJaWDTAMV544kRo0iO7RVV2IY
196,11 pm,12 am,Closed,Closed,11 pm,12 am,10 pm,Spike's Junkyard Dogs,ChIJQ-aPqcV544kRMPO26R3R9uE
197,7 pm,7 pm,7 pm,7 pm,7 pm,7 pm,6 pm,Carlos Cucina Italiana,ChIJqXVhCcV544kRW9_Owqj0_Hg
198,Closed,Closed,7 pm,7 pm,7 pm,12 pm,1 pm,Blue Asia Cafe,ChIJ4dgoBsV544kR2DmxeU_uYpU
199,9 pm,11 pm,12 am,10 pm,12 am,1 am,12 am,Pizza Days,ChIJ22CwB8V544kRbCCxoqK9_64
200,7 pm,7 pm,6 pm,8 pm,7 pm,7 pm,7 pm,Regina Pizzeria,ChIJk1rjpdp544kR2My5rfIEwgY
201,7 pm,7 pm,7 pm,7 pm,7 pm,7 pm,6 pm,Pho Lemongrass,ChIJ5Qs_hpV544kRMRxMuatbShc
202,Closed,Closed,8 pm,8 pm,8 pm,7 pm,8 pm,JMP Fine Indian Cuisine,ChIJ4RspCcN544kR-OuPiz7bETE
203,7 pm,7 pm,7 pm,7 pm,7 pm,6 pm,6 pm,Spring Shabu-Shabu,ChIJxSFa-9Z544kRS-YgR_i9xlc
204,8 pm,8 pm,7 pm,8 pm,9 pm,10 pm,12 am,Asgard,ChIJ9d1H8FR344kREiU1ulU7Juk
205,9 pm,8 pm,8 pm,8 pm,8 pm,9 pm,Closed,Riverside,ChIJPUYymFh344kRQUL7bI-QkRA
206,12 pm,1 pm,1 pm,12 pm,8 pm,6 pm,1 pm,Pho Viets,ChIJ4RspCcN544kR9RG2Up7L1o8
207,7 am,8 am,7 am,9 am,8 am,11 am,8 am,Dunkin' Donuts,ChIJ62imVth544kRMtqcUoOthQ4
208,1 pm,12 pm,2 pm,1 pm,1 pm,1 pm,1 pm,Alive & Kicking Lobsters,ChIJP5j-lVh344kRMmtLTr13V5Q
209,8 pm,7 pm,10 pm,7 pm,10 pm,10 pm,12 am,Miracle of Science,ChIJVay9wVR344kRRlVXSSswdUo
210,6 pm,8 pm,11 pm,12 am,11 pm,11 pm,1 am,La Fabrica Central,ChIJO1wSaVR344kRgXMAOEahAwc
211,7 pm,7 pm,7 pm,7 pm,7 pm,7 pm,5 pm,Basta Pasta,ChIJjWsXGll344kRbW2MgMbH2g0
212,7 pm,6 pm,6 pm,6 pm,Closed,Closed,6 pm,Jerusalem Pita,ChIJBzdfRJV544kRQOks_sRx2yM
213,7 pm,8 pm,7 pm,7 pm,7 pm,8 pm,6 pm,Cambridge Brewing Company,ChIJE7TL4a1w44kR-QT7CkRaMT4
214,7 pm,7 pm,7 pm,7 pm,7 pm,8 pm,12 pm,Catalyst,ChIJzS9HAqxw44kRCo0sjqcyWj8
215,12 pm,12 pm,12 pm,12 pm,8 am,Closed,Closed,Kendall Kitchen,ChIJtwrGxa1w44kRmZw3XSVKFU8
216,9 pm,8 pm,8 pm,9 pm,9 pm,10 pm,1 pm,730 Tavern,ChIJBeTjO1F344kR9idAAsxh2VA
217,8 pm,7 pm,7 pm,7 pm,7 pm,7 pm,7 pm,The Smoke Shop BBQ,ChIJq6qqHq5w44kRvJWU5S5rLBM
218,12 pm,8 pm,12 pm,9 pm,11 pm,12 am,2 am,ABC Pizza House,ChIJ04ADPVF344kRKxD32I07DnM
219,1 pm,12 pm,1 pm,12 pm,12 pm,1 pm,Closed,Izzy's Restaurant & Sub Shop,ChIJZ7XRGK1w44kRbD6XCQ38Ljk
220,10 pm,8 pm,9 pm,9 pm,10 pm,10 pm,12 am,The Field Pub,ChIJj2F4XlF344kRh-hwoQOZLt4
221,7 pm,7 pm,8 pm,7 pm,8 pm,7 pm,1 pm,India Pavilion,ChIJBV6BT1F344kRyP_heZK4r5k
222,8 am,8 am,8 am,12 pm,12 pm,11 am,12 pm,Au Bon Pain,ChIJnTiroKpw44kRyLOPINqlKLU
223,10 am,11 am,12 pm,12 pm,1 pm,5 pm,Closed,Livite,ChIJqZDhq7F544kR65l9W4K_cDw
224,7 pm,4 pm,1 pm,7 pm,9 pm,7 pm,1 pm,Chef Chow's,ChIJc4KLiZV544kRHpIuACJsolw
225,9 pm,8 pm,8 pm,9 pm,9 pm,10 pm,1 pm,"730 Tavern, Kitchen & Patio",ChIJySIiPFF344kRXyeSRFi0AJk
226,12 pm,12 pm,12 pm,12 pm,12 pm,12 pm,12 pm,Go Go Curry,ChIJ2SAV-lN344kRiyGQ_h9PL68
227,6 pm,6 pm,7 pm,12 pm,6 pm,2 pm,1 pm,Mainely Burgers,ChIJoRFIOVF344kRg0LXIu4LmEI
228,7 pm,Closed,7 pm,7 pm,7 pm,6 pm,7 pm,Shanghai Fresh,ChIJhTuKFFF344kRMJkJ2xEvM74
229,8 pm,9 pm,11 pm,11 pm,12 am,11 pm,12 am,Tavern Allston,ChIJG3NyXQ5544kRYZWb_fjsLh8
230,12 pm,Closed,7 pm,1 pm,4 pm,6 pm,3 pm,Asia Wok,ChIJjXSlUB9544kRT8jBq0dKaqo
231,7 pm,12 pm,9 pm,12 am,9 pm,1 am,1 am,Clover (HFI),ChIJ362dc1R344kRqHTdolOZgS0
232,7 pm,7 pm,8 pm,8 pm,7 pm,8 pm,1 pm,Loui Loui,ChIJ96VqgcV544kRQ-qHW-KkMRY
233,7 pm,8 pm,7 pm,7 pm,8 pm,8 pm,7 pm,Sushi Factory,ChIJqQmbnsV544kRYQNKvZdlMWE
234,1 pm,12 pm,12 pm,12 pm,12 pm,12 pm,Closed,Bao Nation,ChIJwX-L8FN344kR_bY-XGjZDdA
235,1 pm,12 pm,1 pm,12 pm,12 pm,1 pm,12 pm,Michael's Deli,ChIJjTujKr5544kRei44VlAzQdY
236,7 pm,7 pm,7 pm,7 pm,8 pm,7 pm,7 pm,Happy Lamb,ChIJ3dESd1R344kRRbxnm9bFoZ8
237,7 pm,7 pm,7 pm,8 pm,7 pm,7 pm,7 pm,Mala,ChIJ9apTCcV544kRKPljhTwfJrM
238,7 pm,7 pm,7 pm,8 pm,7 pm,12 pm,7 pm,Little Donkey,ChIJGTS3dVR344kRy3uxf6fp5CE
239,7 pm,1 pm,7 pm,6 pm,7 pm,2 pm,7 pm,Los Amigos Taqueria,ChIJ-VRMXZV544kRhEqlH6hulU8
240,7 pm,6 pm,7 pm,7 pm,7 pm,1 pm,6 pm,Curry House,ChIJ26co079544kRwa9YJ_XY9X0
241,12 am,9 pm,11 pm,12 am,11 pm,2 am,1 am,College Pizza,ChIJkbIcKh5644kRhN_0xpfZZKw
242,12 pm,7 pm,12 pm,1 pm,12 pm,7 pm,2 pm,Thaitation,ChIJk_WSLB5644kRGz1RTn1xwOk
243,7 am,7 am,7 am,7 am,7 am,8 am,10 am,Dunkin' Donuts,ChIJuxb3YpV544kR2AMWugPXnto
244,6 pm,5 pm,6 pm,6 pm,6 pm,8 pm,7 pm,Giggling Rice,ChIJgVEFPfJ544kRT4x39LwiPE0
245,6 pm,7 pm,6 pm,9 pm,6 pm,6 pm,1 pm,Lee's Burger,ChIJdypj079544kRkxpxt3RQYdA
246,Closed,7 pm,7 pm,8 pm,8 pm,8 pm,12 pm,Tapestry,ChIJJ36wCPV544kRaVEgLA-GVFk
247,9 pm,7 pm,8 pm,7 pm,8 pm,8 pm,7 pm,Porto Maltese,ChIJfWHD_7B544kR4Hk-YlN1b38
248,7 pm,7 pm,7 pm,8 pm,8 pm,7 pm,Closed,Taberna De Haro,ChIJm_0hL_J544kRaVACdKJlK9s
249,7 pm,8 pm,7 pm,7 pm,9 pm,7 pm,7 pm,Prairie Fire,ChIJBUqwKb5544kRYYvQ83hS4L4
250,7 pm,7 pm,7 pm,7 pm,7 pm,6 pm,6 pm,The Daily Catch,ChIJ58MnRsd544kR0YdQMM1B8j8
251,7 pm,7 pm,7 pm,7 pm,1 pm,Closed,6 pm,The Kosher Wok,ChIJZ2v1Tcd544kRhLn7vLOW3x4
252,7 pm,7 pm,7 pm,7 pm,7 pm,6 pm,7 pm,Genki Ya - Brookline,ChIJP-DmqcB544kR6Qr1sQI_-EQ
253,9 am,10 am,9 am,8 am,9 am,10 am,10 am,Kupel's Bakery,ChIJT62mU8d544kRmOajsLFztCE
254,6 pm,7 pm,6 pm,5 pm,Closed,Closed,6 pm,Cafe Eilat,ChIJm6XJlb9544kRZv9H9q5P568
255,1 pm,7 pm,7 pm,7 pm,8 pm,6 pm,5 pm,Pizzeria Dante,ChIJV9tO7r5544kR9E7HfyT2yxg
256,7 pm,7 pm,7 pm,7 pm,8 pm,7 pm,7 pm,Jin's Fine Asian,ChIJw-xam79544kRIgnwpyJn7y4
257,1 pm,8 pm,7 pm,7 pm,12 pm,1 pm,2 pm,Anna's Taqueria,ChIJ-x3_Q8d544kRkvCvAv2dNqY
258,8 pm,7 pm,7 pm,7 pm,7 pm,11 pm,12 am,Golden Temple,ChIJT_QwsLF544kRq4JUlWpXdOQ
259,1 pm,7 pm,8 pm,7 pm,12 pm,Closed,2 pm,Rami's,ChIJ7cQhmb9544kReJ7kddGVRus
260,Closed,7 pm,7 pm,7 pm,8 pm,7 pm,7 pm,Shiki,ChIJq9g6kr9544kR-GZ2-MnWig8
261,6 pm,7 pm,6 pm,6 pm,7 pm,2 pm,6 pm,Bottega Fiorentina,ChIJpRKPlr9544kRaEMSFVc7WJ4
262,11 am,12 pm,1 pm,7 pm,7 pm,11 am,12 pm,Zaftigs Delicatessen,ChIJRYWz34J544kRRS8VzHBP130
263,1 am,11 pm,12 am,2 am,1 am,1 am,2 am,Natalie's Pizza,ChIJxRaUYMh544kRMMgr9tFYDxI
264,7 pm,8 pm,8 pm,7 pm,7 pm,7 pm,7 pm,Dok Bua Thai Kitchen,ChIJ6en0rMB544kRt02SMgC-CBI
265,11 am,10 am,5 pm,10 am,8 pm,11 am,11 am,Brothers Restaurant,ChIJ-wyaqsB544kRINz9a9Qfbq0
266,12 pm,1 pm,1 pm,1 pm,10 am,Closed,1 pm,Pure Cold Press,ChIJa9ssn79544kRAwy450lhUXA
267,7 pm,7 pm,8 pm,8 pm,8 pm,8 pm,12 am,Citizen Public House & Oyster Bar,ChIJT1p8_PV544kR8zdM0MqPYDo
268,11 pm,12 am,11 pm,12 am,11 pm,11 pm,12 am,Tasty Burger,ChIJG_7Z4_V544kRalvwsGSoZaI
269,Closed,Closed,7 pm,7 pm,7 pm,7 pm,6 pm,Super Fusion Brookline,ChIJYe2gXbB544kR7TGExpF5l6I
270,9 pm,11 pm,8 pm,1 am,11 pm,1 am,1 am,Domino's Pizza,ChIJR5785x1644kR19vrd3ERKdQ
271,7 pm,7 pm,7 pm,7 pm,7 pm,8 pm,7 pm,Blaze Pizza,ChIJqzNGAR5644kR4sDg79Cowik
272,7 pm,6 pm,7 pm,5 pm,7 pm,7 pm,7 pm,Regina Pizzeria,ChIJ5Sk27_V544kRqLuOmhg2w_g
273,8 pm,9 pm,9 pm,9 pm,11 pm,11 pm,12 am,SOJUba,ChIJZfS34B1644kR-RVdJCImdvc
274,6 pm,7 pm,6 pm,7 pm,7 pm,1 pm,7 pm,Oath Pizza - Fenway,ChIJGwXlxvV544kR6qP6Pr2EENU
275,12 pm,12 pm,1 pm,12 pm,12 pm,12 pm,12 pm,Cafe Landwer,ChIJR_2acPF544kRpR9oUzDtxWo
276,12 pm,7 pm,7 pm,8 pm,7 pm,7 pm,6 pm,Basho Japanese Brasserie,ChIJGd-A_PV544kRrzXzAHiOHsA
277,12 pm,12 pm,12 pm,1 pm,12 pm,1 pm,2 pm,honeygrow,ChIJqzNGAR5644kRUviH1DHbjuQ
278,12 pm,1 pm,12 pm,1 pm,1 pm,2 pm,6 pm,CAVA,ChIJm0LFxvV544kR6CAUr4kduZU
279,7 pm,7 pm,7 pm,8 pm,10 pm,11 pm,12 am,Hojoko,ChIJzwTa-h1644kRlCoz94vNY1Y
280,8 pm,7 pm,8 pm,8 pm,9 pm,7 pm,6 pm,Grainne O'Malley's Tavern,ChIJ2SS5-ZV544kRM0aqIzDxkqY
281,12 pm,12 pm,1 pm,12 pm,12 pm,Closed,Closed,Basho Express,ChIJzWP0yvB544kRsdRj8-SyKYk
282,7 pm,12 pm,7 pm,7 pm,7 pm,6 pm,5 pm,Eventide Fenway,ChIJzzGbwvV544kR-2wfUUIXrcE
283,7 pm,Closed,Closed,7 pm,9 pm,7 pm,4 pm,Tony C's Sports Bar & Grill - Fenway,ChIJy9QF7x1644kR1-4-Ly6Imo0
284,7 pm,7 pm,12 pm,8 pm,7 pm,1 pm,1 pm,Shan-A-Punjab,ChIJRb0-P8d544kRRAnppEdz9_I
285,7 pm,7 pm,6 pm,8 pm,8 pm,7 pm,12 am,Audubon,ChIJDaJJzfZ544kRnon1_FQE2cg
286,7 pm,6 pm,7 pm,7 pm,7 pm,7 pm,6 pm,Sol Azteca,ChIJeQVjgvF544kRFcm0SSly2pc
287,Closed,12 pm,1 pm,6 pm,7 pm,1 pm,7 pm,Mei Mei,ChIJTbj3DvF544kRB0odgAGKVPo
288,7 pm,6 pm,7 pm,7 pm,8 pm,6 pm,6 pm,Sweet Cheeks Q,ChIJUQfERfR544kRPexdI3z6tyU
289,1 pm,2 pm,12 pm,12 pm,12 pm,2 pm,1 pm,sweetgreen,ChIJk_cXKvR544kRv3E4WY1NRNo
290,7 pm,7 pm,7 pm,7 pm,7 pm,9 pm,6 pm,Yard House,ChIJqRk3ZPZ544kRy5hmYv2Txzw
291,12 pm,1 pm,12 pm,12 pm,12 pm,Closed,Closed,Pat's Place,ChIJyxyn2o5544kRr4g_vEqOfvw
292,12 pm,12 pm,8 pm,7 pm,9 pm,8 pm,8 pm,Chipotle Mexican Grill,ChIJ-ejoOvR544kRbXLHVJloj1I
293,12 pm,12 pm,12 pm,1 pm,1 pm,1 pm,2 pm,Saloniki Greek,ChIJTWuYMvR544kRbIDom3-z_fU
294,1 pm,1 pm,6 pm,1 pm,1 pm,2 pm,1 pm,Wahlburgers,ChIJ__r0K_R544kRnN2P42qNp6E
295,6 pm,7 pm,6 pm,7 pm,7 pm,6 pm,5 pm,Beerworks,ChIJ8-MbNvZ544kRp1mugL9Gc6U
296,7 pm,9 pm,7 pm,7 pm,11 pm,11 pm,12 am,Cask 'n Flagon,ChIJ44ZYNPZ544kRUbx5bOEX-Vc
297,1 pm,12 pm,12 pm,1 pm,1 pm,7 pm,Closed,Noodle Street,ChIJSxaTZ_d544kRX8eBXH8DhGQ
298,7 pm,7 pm,8 pm,10 pm,9 pm,6 pm,1 pm,Bleacher Bar,ChIJh-_ZLPZ544kRu4Hl0OcbiFg
299,12 pm,1 pm,6 pm,7 pm,7 pm,7 pm,5 pm,Scoozi,ChIJF5xYl_d544kRe6C2UO4AOYM
300,2 pm,10 pm,10 pm,10 pm,11 pm,11 pm,12 pm,McDonald's,ChIJh4xeB4Bw44kRKyShG2CZPrM
301,10 pm,6 pm,7 pm,9 pm,7 pm,7 pm,10 pm,Uno Pizzeria & Grill,ChIJjclD5_d544kR2RcDPvZD6xc
302,7 pm,8 pm,8 pm,7 pm,7 pm,7 pm,1 pm,La Voile,ChIJOaIsV7B544kR6-scqxsfiOY
303,12 pm,3 pm,12 pm,1 pm,12 pm,6 pm,5 pm,Sal's Pizza,ChIJ31w8jfB544kR_BnUebgwr8A
304,7 pm,7 pm,8 pm,8 pm,8 pm,8 pm,7 pm,Eastern Standard,ChIJ6etNTx1644kRqbTIgcjBSSg
305,12 pm,1 pm,12 pm,1 pm,1 pm,3 pm,2 pm,QDOBA Mexican Eats,ChIJYxmXWx1644kRapBw8sC3zKA
306,Closed,Closed,9 am,7 am,8 am,8 am,8 am,Dunkin' Donuts,ChIJS4xiOPZ544kRd8H9IAAAV8k
307,11 pm,7 pm,6 pm,7 pm,8 pm,11 pm,12 am,Game On! Fenway,ChIJs4ByM_Z544kRMONAusAqPO8
308,8 pm,11 pm,10 pm,10 pm,10 pm,11 pm,12 am,Kayuga,ChIJmzb0jsJ544kR0ToArGft3w0
309,7 pm,8 pm,1 pm,7 pm,7 pm,1 pm,12 pm,Misono Grill,ChIJ4RspCcN544kR7Dvn5K77PRs
310,1 pm,5 pm,12 pm,12 pm,1 pm,1 pm,Closed,Roast Beast,ChIJv3_B-8J544kRBNHOsjm07Bc
311,7 pm,7 pm,7 pm,7 pm,8 pm,8 pm,7 pm,Holly Crab,ChIJgZkfB8N544kRWrRM5viyzTk
312,6 pm,10 pm,7 pm,8 pm,9 pm,9 pm,7 pm,Tarboosh (Syrian shawarma & Manakish)شاورما عربي مناقيش مشاوي,ChIJPxpWC8N544kRLmulSt8OfcA
313,7 pm,6 pm,7 pm,7 pm,8 pm,8 pm,Closed,nathálie,ChIJiTerekN544kRLV6hgdaIgzY
314,7 pm,6 pm,7 pm,7 pm,10 pm,10 pm,12 am,The Baseball Tavern,ChIJWeac4x1644kRiknPPO098U0
315,11 pm,12 am,11 pm,11 pm,12 am,12 am,12 am,Wonder Bar,ChIJF-ZB3MV544kR4nUfJG5pAvY
316,11 pm,12 am,12 am,11 pm,11 pm,12 am,12 am,Machine Nightclub,ChIJsxDq5x1644kRddh1YxbKIds
317,Closed,Closed,9 pm,9 pm,8 pm,8 pm,12 am,Bill's Bar & Lounge,ChIJM6pIBR1644kRdCFnu6MlTN0
318,8 pm,8 pm,8 pm,10 pm,10 pm,11 pm,8 pm,The Hawthorne,ChIJs0TqOR1644kRtnVr9VP1e1U
319,7 pm,9 pm,7 pm,7 pm,10 pm,11 pm,12 am,The Lower Depths,ChIJe-Ca0xx644kR5pUz-ESnsXM
320,11 pm,7 pm,6 pm,7 pm,8 pm,11 pm,12 am,Game On!,ChIJnSbGM_Z544kRulxrWhlDlMk
321,6 pm,5 pm,5 pm,7 pm,6 pm,Closed,Closed,Fuller's BU Pub,ChIJvYqsBvp544kR3_CAkL3NsHY
322,Closed,5 pm,5 pm,6 pm,5 pm,4 pm,4 pm,Central Bottle Wine & Provisions,ChIJrf-J16pw44kRa8qQufDvgg0
323,Closed,Closed,Closed,11 pm,1 am,12 am,12 am,Middlesex Lounge,ChIJh487wlR344kRV6d5YqwJtkM
324,8 pm,6 pm,9 pm,6 pm,6 pm,10 pm,12 am,Dugout Cafe,ChIJOWkr9fB544kRW33ofArPKzg
325,7 pm,6 pm,6 pm,7 pm,6 pm,10 am,4 pm,Simmons University Sports Center,ChIJoRwC3ox544kRVaks1x9HhNw
326,9 pm,10 pm,10 pm,10 pm,11 pm,11 pm,12 am,Great Scott,ChIJKQ4eesZ544kRkbWbMSCAFDM
327,10 pm,9 pm,10 pm,10 pm,10 pm,10 pm,12 am,Silhouette Lounge,ChIJ0262dM9544kRx1SCG0goR4s
328,9 pm,10 pm,9 pm,11 pm,11 pm,11 pm,12 am,The Cantab Lounge,ChIJWeMHPVF344kR3SaHd6AQ_W8
329,7 pm,7 pm,8 pm,8 pm,9 pm,7 pm,7 pm,The Publick House,ChIJzUTN-7B544kRvz9fH0DtRWQ
